﻿Forestry,Area,Year,Value,Prefix,Prefix.1
Total area replanted (hectares),Southland,For year ended 31 March 2007,1267,Lat-45.6,Lang-168
Total area replanted (hectares),Southland,For year ended 31 March 2012,1033,Lat-45.6,Lang-168
Total area replanted (hectares),Southland,For year ended 31 March 2013,1578,Lat-45.6,Lang-168
Total area replanted (hectares),Southland,For year ended 31 March 2014,1693,Lat-45.6,Lang-168
Total area replanted (hectares),Southland,For year ended 31 March 2015,2245,Lat-45.6,Lang-168
Total area replanted (hectares),Southland,For year ended 31 March 2016,1711,Lat-45.6,Lang-168
Total area replanted (hectares),Southland,For year ended 31 March 2017,1975,Lat-45.6,Lang-168
Total area replanted (hectares),Southland,For year ended 31 March 2018,1635,Lat-45.6,Lang-168
Total area replanted (hectares),Otago,For year ended 31 March 2005,2895,Lat-45,Lang-170.5
Total area replanted (hectares),Otago,For year ended 31 March 2006,2349,Lat-45,Lang-170.5
Total area replanted (hectares),Otago,For year ended 31 March 2007,2490,Lat-45,Lang-170.5
Total area replanted (hectares),Otago,For year ended 31 March 2008,2579,Lat-45,Lang-170.5
Total area replanted (hectares),Otago,For year ended 31 March 2009,2278,Lat-45,Lang-170.5
Total area replanted (hectares),Otago,For year ended 31 March 2010,1045,Lat-45,Lang-170.5
Total area replanted (hectares),Otago,For year ended 31 March 2011,2654,Lat-45,Lang-170.5
Total area replanted (hectares),Otago,For year ended 31 March 2012,3295,Lat-45,Lang-170.5
Total area replanted (hectares),Otago,For year ended 31 March 2013,3376,Lat-45,Lang-170.5
Total area replanted (hectares),Otago,For year ended 31 March 2014,2716,Lat-45,Lang-170.5
Total area replanted (hectares),Otago,For year ended 31 March 2015,3041,Lat-45,Lang-170.5
Total area replanted (hectares),Otago,For year ended 31 March 2016,2220,Lat-45,Lang-170.5
Total area replanted (hectares),Otago,For year ended 31 March 2017,2998,Lat-45,Lang-170.5
Total area replanted (hectares),Otago,For year ended 31 March 2018,2853,Lat-45,Lang-170.5
Total area replanted (hectares),West Coast,For year ended 31 March 2015,0,Lat-42.45,Lang-171.22
Total area replanted (hectares),West Coast,For year ended 31 March 2016,0,Lat-42.45,Lang-171.22
Total area replanted (hectares),West Coast,For year ended 31 March 2017,19,Lat-42.45,Lang-171.22
Total area replanted (hectares),West Coast,For year ended 31 March 2018,1228,Lat-42.45,Lang-171.22
Total area replanted (hectares),Canterbury,For year ended 31 March 2005,1981,Lat-43,Lang-171.5
Total area replanted (hectares),Canterbury,For year ended 31 March 2006,1319,Lat-43,Lang-171.5
Total area replanted (hectares),Canterbury,For year ended 31 March 2007,1033,Lat-43,Lang-171.5
Total area replanted (hectares),Canterbury,For year ended 31 March 2009,1096,Lat-43,Lang-171.5
Total area replanted (hectares),Canterbury,For year ended 31 March 2010,1273,Lat-43,Lang-171.5
Total area replanted (hectares),Canterbury,For year ended 31 March 2011,1332,Lat-43,Lang-171.5
Total area replanted (hectares),Canterbury,For year ended 31 March 2012,1742,Lat-43,Lang-171.5
Total area replanted (hectares),Canterbury,For year ended 31 March 2013,1489,Lat-43,Lang-171.5
Total area replanted (hectares),Canterbury,For year ended 31 March 2014,1418,Lat-43,Lang-171.5
Total area replanted (hectares),Canterbury,For year ended 31 March 2015,1921,Lat-43,Lang-171.5
Total area replanted (hectares),Canterbury,For year ended 31 March 2016,851,Lat-43,Lang-171.5
Total area replanted (hectares),Canterbury,For year ended 31 March 2017,1627,Lat-43,Lang-171.5
Total area replanted (hectares),Canterbury,For year ended 31 March 2018,2242,Lat-43,Lang-171.5
Total area replanted (hectares),Tasman,For year ended 31 March 2012,2886,Lat-41.2,Lang-173.05
Total area replanted (hectares),Tasman,For year ended 31 March 2013,2709,Lat-41.2,Lang-173.05
Total area replanted (hectares),Tasman,For year ended 31 March 2017,1575,Lat-41.2,Lang-173.05
Total area replanted (hectares),Tasman,For year ended 31 March 2018,1869,Lat-41.2,Lang-173.05
Total area replanted (hectares),Nelson,For year ended 31 March 2011,560,Lat-41.27,Lang-173.28
Total area replanted (hectares),Nelson,For year ended 31 March 2016,63,Lat-41.27,Lang-173.28
Total area replanted (hectares),Nelson,For year ended 31 March 2017,2,Lat-41.27,Lang-173.28
Total area replanted (hectares),Nelson,For year ended 31 March 2018,101,Lat-41.27,Lang-173.28
Total area replanted (hectares),Northland,For year ended 31 March 2005,2536,Lat-35.41,Lang-173.93
Total area replanted (hectares),Northland,For year ended 31 March 2006,1972,Lat-35.41,Lang-173.93
Total area replanted (hectares),Northland,For year ended 31 March 2007,2077,Lat-35.41,Lang-173.93
Total area replanted (hectares),Northland,For year ended 31 March 2008,2295,Lat-35.41,Lang-173.93
Total area replanted (hectares),Northland,For year ended 31 March 2009,2666,Lat-35.41,Lang-173.93
Total area replanted (hectares),Northland,For year ended 31 March 2010,3117,Lat-35.41,Lang-173.93
Total area replanted (hectares),Northland,For year ended 31 March 2011,3177,Lat-35.41,Lang-173.93
Total area replanted (hectares),Northland,For year ended 31 March 2012,5581,Lat-35.41,Lang-173.93
Total area replanted (hectares),Northland,For year ended 31 March 2013,5713,Lat-35.41,Lang-173.93
Total area replanted (hectares),Northland,For year ended 31 March 2014,7101,Lat-35.41,Lang-173.93
Total area replanted (hectares),Northland,For year ended 31 March 2015,5862,Lat-35.41,Lang-173.93
Total area replanted (hectares),Northland,For year ended 31 March 2016,7916,Lat-35.41,Lang-173.93
Total area replanted (hectares),Northland,For year ended 31 March 2017,7696,Lat-35.41,Lang-173.93
Total area replanted (hectares),Northland,For year ended 31 March 2018,5560,Lat-35.41,Lang-173.93
Total area replanted (hectares),Auckland,For year ended 31 March 2006,931,Lat-36,Lang-174
Total area replanted (hectares),Auckland,For year ended 31 March 2007,588,Lat-36,Lang-174
Total area replanted (hectares),Auckland,For year ended 31 March 2008,795,Lat-36,Lang-174
Total area replanted (hectares),Auckland,For year ended 31 March 2011,847,Lat-36,Lang-174
Total area replanted (hectares),Auckland,For year ended 31 March 2012,1219,Lat-36,Lang-174
Total area replanted (hectares),Auckland,For year ended 31 March 2013,1472,Lat-36,Lang-174
Total area replanted (hectares),Auckland,For year ended 31 March 2015,375,Lat-36,Lang-174
Total area replanted (hectares),Auckland,For year ended 31 March 2017,1814,Lat-36,Lang-174
Total area replanted (hectares),Taranaki,For year ended 31 March 2005,175,Lat-39.1,Lang-174.6
Total area replanted (hectares),Taranaki,For year ended 31 March 2012,51,Lat-39.1,Lang-174.6
Total area replanted (hectares),Taranaki,For year ended 31 March 2013,213,Lat-39.1,Lang-174.6
Total area replanted (hectares),Taranaki,For year ended 31 March 2015,259,Lat-39.1,Lang-174.6
Total area replanted (hectares),Taranaki,For year ended 31 March 2016,72,Lat-39.1,Lang-174.6
Total area replanted (hectares),Taranaki,For year ended 31 March 2017,144,Lat-39.1,Lang-174.6
Total area replanted (hectares),Taranaki,For year ended 31 March 2018,360,Lat-39.1,Lang-174.6
Total area replanted (hectares),Wellington,For year ended 31 March 2007,897,Lat-41.28,Lang-174.76
Total area replanted (hectares),Wellington,For year ended 31 March 2008,607,Lat-41.28,Lang-174.76
Total area replanted (hectares),Wellington,For year ended 31 March 2010,738,Lat-41.28,Lang-174.76
Total area replanted (hectares),Wellington,For year ended 31 March 2011,831,Lat-41.28,Lang-174.76
Total area replanted (hectares),Wellington,For year ended 31 March 2012,967,Lat-41.28,Lang-174.76
Total area replanted (hectares),Wellington,For year ended 31 March 2013,1118,Lat-41.28,Lang-174.76
Total area replanted (hectares),Wellington,For year ended 31 March 2014,1263,Lat-41.28,Lang-174.76
Total area replanted (hectares),Wellington,For year ended 31 March 2015,724,Lat-41.28,Lang-174.76
Total area replanted (hectares),Wellington,For year ended 31 March 2016,799,Lat-41.28,Lang-174.76
Total area replanted (hectares),Wellington,For year ended 31 March 2017,1445,Lat-41.28,Lang-174.76
Total area replanted (hectares),Wellington,For year ended 31 March 2018,2652,Lat-41.28,Lang-174.76
Total area replanted (hectares),Waikato,For year ended 31 March 2005,9653,Lat-37,Lang-175
Total area replanted (hectares),Waikato,For year ended 31 March 2006,8948,Lat-37,Lang-175
Total area replanted (hectares),Waikato,For year ended 31 March 2007,5751,Lat-37,Lang-175
Total area replanted (hectares),Waikato,For year ended 31 March 2008,5642,Lat-37,Lang-175
Total area replanted (hectares),Waikato,For year ended 31 March 2009,4898,Lat-37,Lang-175
Total area replanted (hectares),Waikato,For year ended 31 March 2010,5585,Lat-37,Lang-175
Total area replanted (hectares),Waikato,For year ended 31 March 2011,6115,Lat-37,Lang-175
Total area replanted (hectares),Waikato,For year ended 31 March 2012,5181,Lat-37,Lang-175
Total area replanted (hectares),Waikato,For year ended 31 March 2013,6142,Lat-37,Lang-175
Total area replanted (hectares),Waikato,For year ended 31 March 2014,6289,Lat-37,Lang-175
Total area replanted (hectares),Waikato,For year ended 31 March 2015,6369,Lat-37,Lang-175
Total area replanted (hectares),Waikato,For year ended 31 March 2016,4070,Lat-37,Lang-175
Total area replanted (hectares),Waikato,For year ended 31 March 2017,4636,Lat-37,Lang-175
Total area replanted (hectares),Waikato,For year ended 31 March 2018,4287,Lat-37,Lang-175
Total area replanted (hectares),Manawatu-Wanganui,For year ended 31 March 2005,1267,Lat-39.95,Lang-175.01
Total area replanted (hectares),Manawatu-Wanganui,For year ended 31 March 2006,2172,Lat-39.95,Lang-175.01
Total area replanted (hectares),Manawatu-Wanganui,For year ended 31 March 2007,1934,Lat-39.95,Lang-175.01
Total area replanted (hectares),Manawatu-Wanganui,For year ended 31 March 2008,2721,Lat-39.95,Lang-175.01
Total area replanted (hectares),Manawatu-Wanganui,For year ended 31 March 2010,1796,Lat-39.95,Lang-175.01
Total area replanted (hectares),Manawatu-Wanganui,For year ended 31 March 2011,2339,Lat-39.95,Lang-175.01
Total area replanted (hectares),Manawatu-Wanganui,For year ended 31 March 2012,1969,Lat-39.95,Lang-175.01
Total area replanted (hectares),Manawatu-Wanganui,For year ended 31 March 2013,2089,Lat-39.95,Lang-175.01
Total area replanted (hectares),Manawatu-Wanganui,For year ended 31 March 2014,2042,Lat-39.95,Lang-175.01
Total area replanted (hectares),Manawatu-Wanganui,For year ended 31 March 2015,1797,Lat-39.95,Lang-175.01
Total area replanted (hectares),Manawatu-Wanganui,For year ended 31 March 2016,1778,Lat-39.95,Lang-175.01
Total area replanted (hectares),Manawatu-Wanganui,For year ended 31 March 2017,2568,Lat-39.95,Lang-175.01
Total area replanted (hectares),Manawatu-Wanganui,For year ended 31 March 2018,2768,Lat-39.95,Lang-175.01
Total area replanted (hectares),Bay of Plenty,For year ended 31 March 2006,5820,Lat-38,Lang-176
Total area replanted (hectares),Bay of Plenty,For year ended 31 March 2007,7304,Lat-38,Lang-176
Total area replanted (hectares),Bay of Plenty,For year ended 31 March 2009,5951,Lat-38,Lang-176
Total area replanted (hectares),Bay of Plenty,For year ended 31 March 2010,6431,Lat-38,Lang-176
Total area replanted (hectares),Bay of Plenty,For year ended 31 March 2011,6189,Lat-38,Lang-176
Total area replanted (hectares),Bay of Plenty,For year ended 31 March 2012,7931,Lat-38,Lang-176
Total area replanted (hectares),Bay of Plenty,For year ended 31 March 2013,8139,Lat-38,Lang-176
Total area replanted (hectares),Bay of Plenty,For year ended 31 March 2014,7861,Lat-38,Lang-176
Total area replanted (hectares),Bay of Plenty,For year ended 31 March 2015,8215,Lat-38,Lang-176
Total area replanted (hectares),Bay of Plenty,For year ended 31 March 2016,10558,Lat-38,Lang-176
Total area replanted (hectares),Bay of Plenty,For year ended 31 March 2017,9511,Lat-38,Lang-176
Total area replanted (hectares),Bay of Plenty,For year ended 31 March 2018,8822,Lat-38,Lang-176
Total area replanted (hectares),Hawkes Bay,For year ended 31 March 2005,4022,Lat-39.66,Lang-176.5
Total area replanted (hectares),Hawkes Bay,For year ended 31 March 2006,3016,Lat-39.66,Lang-176.5
Total area replanted (hectares),Hawkes Bay,For year ended 31 March 2009,2693,Lat-39.66,Lang-176.5
Total area replanted (hectares),Hawkes Bay,For year ended 31 March 2010,2790,Lat-39.66,Lang-176.5
Total area replanted (hectares),Hawkes Bay,For year ended 31 March 2011,2772,Lat-39.66,Lang-176.5
Total area replanted (hectares),Hawkes Bay,For year ended 31 March 2012,2738,Lat-39.66,Lang-176.5
Total area replanted (hectares),Hawkes Bay,For year ended 31 March 2013,2813,Lat-39.66,Lang-176.5
Total area replanted (hectares),Hawkes Bay,For year ended 31 March 2014,3027,Lat-39.66,Lang-176.5
Total area replanted (hectares),Hawkes Bay,For year ended 31 March 2015,3011,Lat-39.66,Lang-176.5
Total area replanted (hectares),Hawkes Bay,For year ended 31 March 2016,1056,Lat-39.66,Lang-176.5
Total area replanted (hectares),Hawkes Bay,For year ended 31 March 2017,1028,Lat-39.66,Lang-176.5
Total area replanted (hectares),Hawkes Bay,For year ended 31 March 2018,2073,Lat-39.66,Lang-176.5
