﻿source_id,target_id,value
郑州市,衡水市,987
洛阳市,阜新市,7896
焦作市,呼和浩特,9870
商丘市,呼和浩特,987
信阳市,呼伦贝尔,987
新乡市,呼伦贝尔,987
安阳市,呼伦贝尔,987
开封市,呼伦贝尔,1974
漯河市,自贡市,987
乐山市,自贡市,4935
焦作市,洛阳市,5922
乐山市,洛阳市,2961
乐山市,焦作市,2961
乐山市,南阳市,987
雅安市,乐山市,987
太原市,乐山市,987
广安市,乐山市,987
南充市,乐山市,987
晋城市,乐山市,8883
忻州市,乐山市,6909
石家庄,乐山市,11844
保定市,乐山市,30597
盘锦市,乐山市,16779
秦皇岛,乐山市,7896
福州市,乐山市,1974
朔州市,乐山市,2961
内江市,乐山市,987
宜宾市,乐山市,1974
广元市,乐山市,2961
达州市,乐山市,2961
晋城市,雅安市,1974
大同市,自贡市,3948
阳泉市,自贡市,3948
长治市,自贡市,3948
临汾市,自贡市,2961
晋中市,自贡市,2961
运城市,自贡市,2961
晋城市,自贡市,2961
保定市,自贡市,987
阳泉市,大同市,3948
长治市,大同市,3948
临汾市,大同市,2961
晋中市,大同市,2961
运城市,大同市,2961
晋城市,大同市,2961
长治市,阳泉市,3948
临汾市,阳泉市,2961
晋中市,阳泉市,2961
运城市,阳泉市,2961
晋城市,阳泉市,2961
临汾市,长治市,3948
晋中市,长治市,2961
运城市,长治市,2961
晋城市,长治市,2961
晋中市,临汾市,4935
运城市,临汾市,3948
晋城市,临汾市,3948
运城市,晋中市,3948
晋城市,晋中市,3948
晋城市,运城市,3948
忻州市,晋城市,1974
石家庄,晋城市,987
盘锦市,晋城市,4935
福州市,晋城市,987
泸州市,晋城市,987
朔州市,晋城市,1974
石家庄,忻州市,12831
保定市,忻州市,3948
盘锦市,忻州市,987
保定市,石家庄,987
盘锦市,石家庄,4935
盘锦市,保定市,987
秦皇岛,盘锦市,987
福州市,盘锦市,987
朔州市,盘锦市,987
宜宾市,盘锦市,987
广元市,福州市,1974
朔州市,泸州市,1974
达州市,广元市,2961
达州市,福州市,1974
资阳市,广元市,1974
资阳市,达州市,1974
资阳市,乐山市,1974
资阳市,福州市,987
绵阳市,广元市,1974
绵阳市,达州市,1974
绵阳市,资阳市,1974
绵阳市,乐山市,1974
绵阳市,福州市,987
眉山市,广元市,1974
眉山市,达州市,1974
眉山市,资阳市,1974
眉山市,绵阳市,1974
眉山市,乐山市,1974
眉山市,福州市,987
巴中市,石家庄,987
唐山市,石家庄,987
吉林市,忻州市,1974
吉林市,石家庄,2961
邯郸市,吉林市,1974
邯郸市,石家庄,1974
邯郸市,忻州市,987
邢台市,乐山市,2961
邢台市,保定市,987
邢台市,盘锦市,987
鞍山市,秦皇岛,2961
鞍山市,乐山市,987
泉州市,秦皇岛,1974
绍兴市,漳州市,987
温州市,绍兴市,1974
温州市,石家庄,987
温州市,盘锦市,987
温州市,乐山市,987
长沙市,保定市,2961
长沙市,乐山市,1974
抚顺市,长沙市,987
抚顺市,忻州市,987
本溪市,长沙市,8883
本溪市,保定市,1974
本溪市,乐山市,1974
铁岭市,本溪市,987
铁岭市,巴中市,987
锦州市,本溪市,987
丹东市,本溪市,1974
丹东市,长沙市,987
丹东市,保定市,987
辽阳市,本溪市,5922
辽阳市,长沙市,11844
辽阳市,巴中市,987
辽阳市,丹东市,987
辽阳市,保定市,20727
辽阳市,乐山市,18753
辽阳市,自贡市,987
辽阳市,石家庄,1974
辽阳市,吉林市,4935
辽阳市,温州市,3948
郴州市,长沙市,987
郴州市,辽阳市,987
葫芦岛,辽阳市,987
葫芦岛,吉林市,987
葫芦岛,温州市,987
娄底市,辽阳市,6909
娄底市,温州市,6909
娄底市,盘锦市,5922
娄底市,葫芦岛,987
娄底市,乐山市,3948
衡阳市,娄底市,14805
衡阳市,辽阳市,4935
衡阳市,温州市,5922
衡阳市,葫芦岛,1974
株洲市,温州市,987
株洲市,娄底市,3948
株洲市,衡阳市,1974
湘潭市,温州市,1974
湘潭市,娄底市,5922
湘潭市,株洲市,1974
湘潭市,衡阳市,4935
湘潭市,葫芦岛,987
湘潭市,辽阳市,987
岳阳市,辽阳市,8883
岳阳市,娄底市,16779
岳阳市,衡阳市,12831
岳阳市,温州市,6909
岳阳市,葫芦岛,1974
岳阳市,吉林市,987
岳阳市,湘潭市,5922
岳阳市,株洲市,2961
常德市,衡阳市,4935
常德市,温州市,4935
常德市,岳阳市,5922
常德市,葫芦岛,1974
常德市,娄底市,3948
常德市,湘潭市,2961
常德市,株洲市,1974
常德市,辽阳市,987
邵阳市,辽阳市,4935
邵阳市,岳阳市,11844
邵阳市,温州市,4935
邵阳市,常德市,3948
邵阳市,娄底市,9870
邵阳市,湘潭市,5922
邵阳市,株洲市,1974
邵阳市,衡阳市,8883
邵阳市,葫芦岛,987
邵阳市,乐山市,987
益阳市,常德市,4935
益阳市,邵阳市,6909
益阳市,温州市,2961
益阳市,岳阳市,4935
益阳市,娄底市,4935
益阳市,湘潭市,4935
益阳市,株洲市,1974
益阳市,衡阳市,4935
益阳市,葫芦岛,987
益阳市,辽阳市,1974
永州市,邵阳市,2961
永州市,娄底市,2961
永州市,衡阳市,987
永州市,岳阳市,1974
永州市,益阳市,1974
永州市,温州市,987
永州市,常德市,987
永州市,湘潭市,987
永州市,株洲市,987
张家界,葫芦岛,2961
咸阳市,石家庄,4935
咸阳市,乐山市,987
咸阳市,忻州市,987
咸阳市,盘锦市,987
咸阳市,温州市,987
咸阳市,吉林市,987
沧州市,石家庄,5922
沧州市,咸阳市,5922
沧州市,乐山市,987
沧州市,忻州市,987
沧州市,盘锦市,1974
沧州市,温州市,987
沧州市,吉林市,987
承德市,石家庄,3948
承德市,沧州市,3948
承德市,咸阳市,3948
承德市,乐山市,987
承德市,忻州市,987
承德市,盘锦市,987
承德市,吉林市,987
承德市,娄底市,987
廊坊市,盘锦市,987
廊坊市,沧州市,1974
廊坊市,咸阳市,1974
廊坊市,承德市,1974
廊坊市,乐山市,987
廊坊市,温州市,987
廊坊市,吉林市,987
廊坊市,石家庄,987
衡水市,保定市,1974
衡水市,盘锦市,987
衡水市,乐山市,987
阜新市,温州市,1974
呼和浩特,温州市,1974
呼和浩特,阜新市,2961
呼伦贝尔,沧州市,2961
呼伦贝尔,咸阳市,2961
呼伦贝尔,石家庄,2961
呼伦贝尔,温州市,987
呼伦贝尔,吉林市,987
呼伦贝尔,承德市,987
呼伦贝尔,廊坊市,987
张家口,邵阳市,987
张家口,益阳市,987
张家口,永州市,987
张家口,常德市,987
张家口,岳阳市,987
张家口,温州市,987
张家口,娄底市,987
